date,close,high,low,open,volume
03-01-2022,334.75,338,329.7799988,335.3500061,28865100
04-01-2022,329.0100098,335.2000122,326.1199951,334.8299866,32674300
05-01-2022,316.3800049,326.0700073,315.980011,325.8599854,40054300
06-01-2022,313.8800049,318.7000122,311.4899902,313.1499939,39646100
07-01-2022,314.0400085,316.5,310.0899963,314.1499939,32720000
10-01-2022,314.269989,314.7200012,304.6900024,309.4899902,44289500
11-01-2022,314.980011,316.6099854,309.8900146,313.3800049,29386800
12-01-2022,318.269989,323.4100037,317.0799866,319.6700134,34372200
13-01-2022,304.7999878,320.8800049,304,320.4700012,45366000
14-01-2022,310.2000122,310.8200073,303.75,304.25,39846400
18-01-2022,302.6499939,309.7999878,301.7399902,304.0700073,42333200
19-01-2022,303.3299866,313.9100037,302.7000122,306.2900085,45933900
20-01-2022,301.6000061,311.6499939,301.1400146,309.0700073,35380700
21-01-2022,296.0299988,304.1099854,295.6099854,302.6900024,57984400
24-01-2022,296.3699951,297.1099854,276.0499878,292.2000122,85731500
25-01-2022,288.4899902,294.9899902,285.1700134,291.519989,72848600
26-01-2022,296.7099915,308.5,293.0299988,307.9899902,90428900
27-01-2022,299.8399963,307.2999878,297.9299927,302.6600037,53481300
28-01-2022,308.2600098,308.480011,294.4500122,300.230011,49743700
31-01-2022,310.980011,312.3800049,306.3699951,308.9500122,46444500
01-02-2022,308.7600098,310.6300049,305.1300049,310.4100037,40950400
02-02-2022,313.4599915,315.1199951,308.8800049,309.6300049,36636000
03-02-2022,301.25,311.230011,299.9599915,309.4899902,43730000
04-02-2022,305.9400024,308.7999878,299.9700012,300.2099915,35096500
07-02-2022,300.9500122,307.8399963,299.8999939,306.1700134,28533300
08-02-2022,304.5599976,305.5599976,299.9500122,301.25,32421200
09-02-2022,311.2099915,311.9299927,307.3900146,309.8699951,31284700
10-02-2022,302.3800049,309.1199951,300.7000122,304.0400085,45386200
11-02-2022,295.0400085,304.2900085,294.2200012,303.1900024,39175600
14-02-2022,295,296.7600098,291.3500061,293.769989,36359500
15-02-2022,300.4700012,300.7999878,297.019989,300.0100098,27058300
16-02-2022,299.5,300.8699951,293.6799927,298.3699951,29982100
17-02-2022,290.730011,296.7999878,290,296.3599854,32461600
18-02-2022,287.9299927,293.8599854,286.3099976,293.0499878,34264000
22-02-2022,287.7200012,291.5400085,284.5,285,41736100
23-02-2022,280.269989,291.7000122,280.1000061,290.1799927,37811200
24-02-2022,294.5899963,295.1600037,271.519989,272.5100098,56989700
25-02-2022,297.3099976,297.6300049,291.6499939,295.1400146,32546700
28-02-2022,298.7900085,299.1400146,293,294.3099976,34627500
01-03-2022,294.9500122,299.9700012,292.1499939,296.3999939,31217800
02-03-2022,300.1900024,301.4700012,293.7000122,295.3599854,31873000
03-03-2022,295.9200134,303.1300049,294.0499878,302.8900146,27314500
04-03-2022,289.8599854,295.6600037,287.1700134,294.2900085,32356500
07-03-2022,278.9100037,289.6900024,278.5299988,288.5299988,43157200
08-03-2022,275.8500061,283.9599915,270,277.7999878,48159500
09-03-2022,288.5,289.6000061,280.7799988,283.4400024,35204500
10-03-2022,285.5899963,286.6000061,280.5799866,283.019989,30628000
11-03-2022,280.0700073,289.5100098,279.4299927,287.9599915,27209300
14-03-2022,276.4400024,285.3999939,275.8200073,280.3399963,30660700
15-03-2022,287.1499939,287.8200073,278.730011,280.3500061,34245100
16-03-2022,294.3900146,294.5700073,283.2000122,289.1099854,37826300
17-03-2022,295.2200012,295.6099854,289.3699951,293.2900085,30816600
18-03-2022,300.4299927,301,292.730011,295.3699951,43390600
21-03-2022,299.1600037,300.1400146,294.8999939,298.8900146,28351200
22-03-2022,304.0599976,305,298.769989,299.7999878,27599700
23-03-2022,299.4899902,303.230011,297.7200012,300.5100098,25715400
24-03-2022,304.1000061,304.2000122,298.3200073,299.1400146,24484500
25-03-2022,303.6799927,305.5,299.2900085,305.230011,22566500
28-03-2022,310.7000122,310.7999878,304.3299866,304.3299866,29578200
29-03-2022,315.4100037,315.8200073,309.0499878,313.9100037,30393400
30-03-2022,313.8599854,315.9500122,311.5799866,313.7600098,28163600
31-03-2022,308.3099976,315.1400146,307.8900146,313.8999939,33422100
01-04-2022,309.4200134,310.1300049,305.5400085,309.3699951,27110500
04-04-2022,314.9700012,315.1099854,309.7099915,310.0899963,24289600
05-04-2022,310.8800049,314.8699951,309.8699951,313.269989,23156700
06-04-2022,299.5,307,296.7099915,305.1900024,40110400
07-04-2022,301.3699951,303.6499939,296.3500061,296.6600037,31411200
08-04-2022,296.9700012,301.1199951,296.2799988,300.4400024,24361900
11-04-2022,285.2600098,292.6099854,285,291.7900085,34569300
12-04-2022,282.0599976,290.7399902,280.4899902,289.2399902,30966700
13-04-2022,287.6199951,288.5799866,281.2999878,282.730011,21907200
14-04-2022,279.8299866,288.3099976,279.3200073,288.0899963,28221600
18-04-2022,280.519989,282.4599915,278.3399963,278.9100037,20778000
19-04-2022,285.2999878,286.1700134,278.4100037,279.3800049,22297700
20-04-2022,286.3599854,289.7000122,285.3699951,289.3999939,22906700
21-04-2022,280.8099976,293.2999878,280.0599976,288.5799866,29454600
22-04-2022,274.0299988,283.2000122,273.3800049,281.6799927,29405800
25-04-2022,280.7200012,281.1099854,270.769989,273.2900085,35678900
26-04-2022,270.2200012,278.3599854,270,277.5,46518400
27-04-2022,283.2200012,290.9700012,279.1600037,282.1000061,63477700
28-04-2022,289.6300049,290.980011,281.4599915,285.1900024,33646600
29-04-2022,277.519989,289.8800049,276.5,288.6099854,37073900
02-05-2022,284.4700012,284.9400024,276.2200012,277.7099915,35151100
03-05-2022,281.7799988,284.1300049,280.1499939,283.9599915,25978600
04-05-2022,289.980011,290.8800049,276.730011,282.5899963,33599300
05-05-2022,277.3500061,286.3500061,274.3399963,285.5400085,43260400
06-05-2022,274.730011,279.25,271.269989,274.8099976,37780300
09-05-2022,264.5799866,272.3599854,263.3200073,270.0599976,47726000
10-05-2022,269.5,273.75,265.0700073,271.6900024,39336400
11-05-2022,260.5499878,271.3599854,259.2999878,265.6799927,48975900
12-05-2022,255.3500061,259.8800049,250.0200043,257.6900024,51033800
13-05-2022,261.1199951,263.0400085,255.3500061,257.3500061,34925100
16-05-2022,261.5,265.8200073,255.7799988,259.9599915,32550900
17-05-2022,266.8200073,268.3299866,262.4599915,266.1099854,28828800
18-05-2022,254.0800018,263.6000061,252.7700043,263,31356000
19-05-2022,253.1399994,257.6700134,251.8800049,253.8999939,32692300
20-05-2022,252.5599976,258.5400085,246.4400024,257.2399902,39199300
23-05-2022,260.6499939,261.5,253.4299927,255.4900055,33175400
24-05-2022,259.6199951,261.3299866,253.5,257.8900146,29043900
25-05-2022,262.519989,264.5799866,257.1300049,258.1400146,28547900
26-05-2022,265.8999939,267.1099854,261.4299927,262.269989,25002100
27-05-2022,273.2399902,273.3399963,267.5599976,268.480011,26910800
31-05-2022,271.8699951,274.769989,268.9299927,272.5299988,37827700
01-06-2022,272.4200134,277.6900024,270.0400085,275.2000122,25292200
02-06-2022,274.5799866,274.6499939,261.6000061,264.4500122,44008200
03-06-2022,270.019989,273.4500122,268.4100037,270.3099976,28059000
06-06-2022,268.75,274.1799927,267.2200012,272.0599976,22400300
07-06-2022,272.5,273.1300049,265.9400024,266.6400146,22860700
08-06-2022,270.4100037,273,269.6099854,271.7099915,17372300
09-06-2022,264.7900085,272.7099915,264.6300049,267.7799988,26439700
10-06-2022,252.9900055,260.5799866,252.5299988,260.5799866,31422800
13-06-2022,242.2599945,249.0200043,241.5299988,245.1100006,46135800
14-06-2022,244.4900055,245.7400055,241.5099945,243.8600006,28651500
15-06-2022,251.7599945,255.3000031,246.4199982,248.3099976,33111700
16-06-2022,244.9700012,247.4199982,243.0200043,245.9799957,33169200
17-06-2022,247.6499939,250.5,244.0299988,244.6999969,43084800
21-06-2022,253.7400055,254.75,249.5099945,250.2599945,29928300
22-06-2022,253.1300049,257.1700134,250.3699951,251.8899994,25939900
23-06-2022,258.8599854,259.3699951,253.6300049,255.5700073,25861400
24-06-2022,267.7000122,267.980011,261.7200012,261.8099976,33923200
27-06-2022,264.8900146,268.2999878,263.2799988,268.2099915,24615100
28-06-2022,256.480011,266.9100037,256.3200073,263.980011,27295500
29-06-2022,260.2600098,261.9700012,255.7599945,257.5899963,20069800
30-06-2022,256.8299866,259.5299988,252.8999939,257.0499878,31730900
01-07-2022,259.5799866,259.769989,254.6100006,256.3900146,22837700
05-07-2022,262.8500061,262.980011,254.7400055,256.1600037,22941000
06-07-2022,266.2099915,267.9899902,262.3999939,263.75,23824400
07-07-2022,268.3999939,269.0599976,265.019989,265.1199951,20859900
08-07-2022,267.6600037,268.1000061,263.2900085,264.7900085,19658800
11-07-2022,264.5100098,266.5299988,262.1799927,265.6499939,19455200
12-07-2022,253.6699982,265.9400024,252.0399933,265.8800049,35868500
13-07-2022,252.7200012,253.5500031,248.1100006,250.1900024,29497400
14-07-2022,254.0800018,255.1399994,245.9400024,250.5700073,25102800
15-07-2022,256.7200012,260.3699951,254.7700043,255.7200012,29774100
18-07-2022,254.25,260.8399963,253.3000031,259.75,20975000
19-07-2022,259.5299988,259.7200012,253.6799927,257.5799866,25012600
20-07-2022,262.269989,264.8699951,258.9100037,259.8999939,22788300
21-07-2022,264.8399963,264.8900146,257.0299988,259.7900085,22404700
22-07-2022,260.3599854,265.3299866,259.0700073,265.2399902,21881300
25-07-2022,258.8299866,261.5,256.8099976,261,21056000
26-07-2022,251.8999939,259.8800049,249.5700073,259.8599854,39348000
27-07-2022,268.7399902,270.0499878,258.8500061,261.1600037,45994000
28-07-2022,276.4100037,277.8399963,267.8699951,269.75,33459300
29-07-2022,280.7399902,282,276.6300049,277.7000122,32152800
01-08-2022,278.0100098,281.2799988,275.8399963,277.8200073,21539600
02-08-2022,274.8200073,277.8900146,272.3800049,276,22754200
03-08-2022,282.4700012,283.5,276.6099854,276.7600098,23518900
04-08-2022,283.6499939,283.7999878,280.1700134,281.7999878,18098700
05-08-2022,282.9100037,283.6499939,278.6799927,279.1499939,16774600
08-08-2022,280.3200073,285.9200134,279.3200073,284.0499878,18739200
09-08-2022,282.2999878,283.0799866,277.6099854,279.6400146,23405200
10-08-2022,289.1600037,289.8099976,286.9400024,288.1700134,24687800
11-08-2022,287.019989,291.2099915,286.5100098,290.8500061,20065900
12-08-2022,291.9100037,291.9100037,286.9400024,288.480011,22619700
15-08-2022,293.4700012,294.1799927,290.1099854,291,18085700
16-08-2022,292.7099915,294.0400085,290.4200134,291.9899902,18102900
17-08-2022,291.3200073,293.3500061,289.4700012,289.7399902,18253400
18-08-2022,290.1700134,291.9100037,289.0799866,290.1900024,17186200
19-08-2022,286.1499939,289.25,285.5599976,288.8999939,20570000
22-08-2022,277.75,282.4599915,277.2200012,282.0799866,25061100
23-08-2022,276.4400024,278.8599854,275.3999939,276.4400024,17527400
24-08-2022,275.7900085,277.230011,275.1099854,275.4100037,18137000
25-08-2022,278.8500061,279.019989,274.519989,277.3299866,16583400
26-08-2022,268.0899963,280.3399963,267.980011,279.0799866,27549300
29-08-2022,265.230011,267.3999939,263.8500061,265.8500061,20338500
30-08-2022,262.9700012,267.0499878,260.6600037,266.6700134,22767100
31-08-2022,261.4700012,267.1099854,261.3299866,265.3900146,24791800
01-09-2022,260.3999939,260.8900146,255.4100037,258.8699951,23263400
02-09-2022,256.0599976,264.7399902,254.4700012,261.7000122,22855400
06-09-2022,253.25,257.8299866,251.9400024,256.2000122,21328200
07-09-2022,258.0899963,258.8299866,253.2200012,254.6999969,24126700
08-09-2022,258.519989,260.4299927,254.7899933,257.5100098,20319900
09-09-2022,264.4599915,265.230011,260.2900085,260.5,22084700
12-09-2022,266.6499939,267.4500122,265.1600037,265.7799988,18747700
13-09-2022,251.9900055,260.3999939,251.5899963,258.8399963,33353300
14-09-2022,252.2200012,254.2299957,249.8600006,253.5299988,23913000
15-09-2022,245.3800049,251.3999939,244.0200043,249.7700043,31530900
16-09-2022,244.7400055,245.3000031,242.0599976,244.2599945,39791800
19-09-2022,244.5200043,245.1399994,240.8500061,242.4700012,26826900
20-09-2022,242.4499969,243.5099945,239.6399994,242.0700073,26660300
21-09-2022,238.9499969,247.6600037,238.8999939,244.2700043,28625600
22-09-2022,240.9799957,243.8600006,237.5700073,237.8699951,31061200
23-09-2022,237.9199982,241.1300049,235.1999969,239.5399933,34176000
26-09-2022,237.4499969,241.4499969,236.8999939,237.0500031,27694200
27-09-2022,236.4100037,241.8000031,234.5,239.9799957,27018700
28-09-2022,241.0700073,242.3300018,234.7299957,236.8099976,29029700
29-09-2022,237.5,239.9499969,234.4100037,238.8899994,27484200
30-09-2022,232.8999939,240.5399933,232.7299957,238.2899933,35694800
03-10-2022,240.7400055,241.6100006,234.6600037,235.4100037,28880400
04-10-2022,248.8800049,250.3600006,244.9799957,245.0899963,34888400
05-10-2022,249.1999969,250.5800018,244.1000061,245.9900055,20347100
06-10-2022,246.7899933,250.3399963,246.0800018,247.9299927,20239900
07-10-2022,234.2400055,241.3200073,233.1699982,240.8999939,37769600
10-10-2022,229.25,234.5599976,226.7299957,233.0500031,29743600
11-10-2022,225.4100037,229.0599976,224.1100006,227.6199951,30474000
12-10-2022,225.75,227.8600006,223.9600067,225.3999939,21903900
13-10-2022,234.2400055,236.1000061,219.1300049,219.8500061,42551800
14-10-2022,228.5599976,237.2400055,228.3399963,235.5399933,30198600
17-10-2022,237.5299988,238.9600067,235.1399994,235.8200073,28142300
18-10-2022,238.5,243.9299927,235.3699951,243.2400055,26329600
19-10-2022,236.4799957,239.6100006,234.2899933,237.0399933,19985700
20-10-2022,236.1499939,241.3099976,234.8699951,235.7700043,21811000
21-10-2022,242.1199951,243,234.5,234.7400055,26299700
24-10-2022,247.25,247.8399963,241.3000031,243.7599945,24911200
25-10-2022,250.6600037,251.0399933,245.8300018,247.2599945,34775500
26-10-2022,231.3200073,238.3000031,230.0599976,231.1699982,82543200
27-10-2022,226.75,233.6900024,225.7799988,231.0399933,40424600
28-10-2022,235.8699951,236.6000061,226.0500031,226.2400055,40647700
31-10-2022,232.1300049,234.9199982,231.1499939,233.7599945,28357300
01-11-2022,228.1699982,235.7400055,227.3300018,234.6000061,30592300
02-11-2022,220.1000061,231.3000031,220.0399933,229.4600067,38407000
03-11-2022,214.25,220.4100037,213.9799957,220.0899963,36633900
04-11-2022,221.3899994,221.5899963,213.4299927,217.5500031,36789100
07-11-2022,227.8699951,228.4100037,221.2799988,221.9900055,33498000
08-11-2022,228.8699951,231.6499939,225.8399963,228.6999969,28192500
09-11-2022,224.5099945,228.6300049,224.3300018,227.3699951,27852900
10-11-2022,242.9799957,243.3300018,235,235.4299927,46268000
11-11-2022,247.1100006,247.9900055,241.9299927,242.9900055,34620200
14-11-2022,241.5500031,243.9100037,239.2100067,241.9900055,31123300
15-11-2022,241.9700012,247,240.0299988,245.6600037,31390100
16-11-2022,241.7299957,243.8000031,240.4199982,242.7899933,24093300
17-11-2022,241.6799927,243.25,237.6300049,237.7799988,23123500
18-11-2022,241.2200012,243.7400055,239.0299988,243.5099945,27613500
21-11-2022,242.0500031,244.6699982,241.1900024,241.4299927,26394700
22-11-2022,245.0299988,245.3099976,240.7100067,243.5899963,19665700
23-11-2022,247.5800018,248.2799988,244.2700043,245.1100006,19508500
25-11-2022,247.4900055,248.6999969,246.7299957,247.3099976,9200800
28-11-2022,241.7599945,246.6499939,240.8000031,246.0800018,24778200
29-11-2022,240.3300018,242.7899933,238.2100067,241.3999939,17956300
30-11-2022,255.1399994,255.3300018,239.8600006,240.5700073,47594200
01-12-2022,254.6900024,256.1199951,250.9199982,253.8699951,26041500
02-12-2022,255.0200043,256.0599976,249.6900024,249.8200073,21528500
05-12-2022,250.1999969,253.8200073,248.0599976,252.0099945,23435300
06-12-2022,245.1199951,251.8600006,243.7799988,250.8200073,22463700
07-12-2022,244.3699951,246.1600037,242.2100067,244.8300018,20481500
08-12-2022,247.3999939,248.7400055,243.0599976,244.8399963,22611800
09-12-2022,245.4199982,248.3099976,244.1600037,244.6999969,20609700
12-12-2022,252.5099945,252.5399933,247.1699982,247.4499969,30665100
13-12-2022,256.9200134,263.9200134,253.0700073,261.6900024,42196900
14-12-2022,257.2200012,262.5899963,254.3099976,257.1300049,35410900
15-12-2022,249.0099945,254.1999969,247.3399963,253.7200012,35560400
16-12-2022,244.6900024,249.8399963,243.5099945,248.5500031,86102000
19-12-2022,240.4499969,245.2100067,238.7100067,244.8600006,29696400
20-12-2022,241.8000031,242.9100037,238.4199982,239.3999939,25150800
21-12-2022,244.4299927,245.6199951,240.1100006,241.6900024,23690600
22-12-2022,238.1900024,241.9900055,233.8699951,241.2599945,28651700
23-12-2022,238.7299957,238.8699951,233.9400024,236.1100006,21207000
27-12-2022,236.9600067,238.9299927,235.8300018,238.6999969,16688600
28-12-2022,234.5299988,239.7200012,234.1699982,236.8899994,17457100
29-12-2022,241.0099945,241.9199982,235.6499939,235.6499939,19770700
30-12-2022,239.8200073,239.9600067,236.6600037,238.2100067,21938500
03-01-2023,239.5800018,245.75,237.3999939,243.0800018,25740000
04-01-2023,229.1000061,232.8699951,225.9600067,232.2799988,50623400
05-01-2023,222.3099976,227.5500031,221.7599945,227.1999969,39585600
06-01-2023,224.9299927,225.7599945,219.3500061,223,43613600
09-01-2023,227.1199951,231.2400055,226.4100037,226.4499969,27369800
10-01-2023,228.8500061,231.3099976,227.3300018,227.7599945,27033900
11-01-2023,235.7700043,235.9499969,231.1100006,231.2899933,28669300
12-01-2023,238.5099945,239.8999939,233.5599976,235.2599945,27269500
13-01-2023,239.2299957,239.3699951,234.9199982,237,21333300
17-01-2023,240.3500061,240.9100037,237.0899963,237.9700012,29831300
18-01-2023,235.8099976,242.3800049,235.5200043,241.5700073,30028700
19-01-2023,231.9299927,235.5200043,230.6799927,233.7799988,28623000
20-01-2023,240.2200012,240.7400055,234.5099945,234.8600006,35389800
23-01-2023,242.5800018,245.1699982,239.6499939,241.1000061,31934000
24-01-2023,242.0399933,243.9499969,240.4400024,242.5,40234400
25-01-2023,240.6100006,243.3000031,230.8999939,234.4799957,66526600
26-01-2023,248,248.3099976,242,243.6499939,33454500
27-01-2023,248.1600037,249.8300018,246.8300018,248.9900055,26498900
30-01-2023,242.7100067,245.6000061,242.1999969,244.5099945,25867400
31-01-2023,247.8099976,247.9499969,242.9499969,243.4499969,26541100
01-02-2023,252.75,255.1799927,245.4700012,248,31259900
02-02-2023,264.6000061,264.6900024,257.25,258.8200073,39940400
03-02-2023,258.3500061,264.2000122,257.1000061,259.5400085,29077300
06-02-2023,256.769989,258.2999878,254.7799988,257.4400024,22518000
07-02-2023,267.5599976,268.769989,260.0799866,260.5299988,50841400
08-02-2023,266.730011,276.7600098,266.2099915,273.2000122,54686000
09-02-2023,263.6199951,273.980011,262.7999878,273.7999878,42375100
10-02-2023,263.1000061,264.0899963,260.6600037,261.5299988,25818500
13-02-2023,271.3200073,274.6000061,267.1499939,267.6400146,44630900
14-02-2023,272.1700134,274.9700012,269.2799988,272.6700134,37047900
15-02-2023,269.3200073,270.730011,266.1799927,268.3200073,28922400
16-02-2023,262.1499939,266.7399902,261.8999939,264.019989,29603600
17-02-2023,258.0599976,260.0899963,256,259.3900146,30000100
21-02-2023,252.6699982,255.4900055,251.5899963,254.4799957,28397400
22-02-2023,251.5099945,254.3399963,250.3399963,254.0899963,22491100
23-02-2023,254.7700043,256.8399963,250.4799957,255.5599976,29219100
24-02-2023,249.2200012,251,248.1000061,249.9600067,24990900
27-02-2023,250.1600037,252.8200073,249.3899994,252.4600067,21190000
28-02-2023,249.4199982,251.4900055,248.7299957,249.0700073,22491000
01-03-2023,246.2700043,250.9299927,245.7899933,250.7599945,27565300
02-03-2023,251.1100006,251.3999939,245.6100006,246.5500031,24808200
03-03-2023,255.2899933,255.6199951,251.3899994,252.1900024,30760100
06-03-2023,256.8699951,260.1199951,255.9799957,256.4299927,24109800
07-03-2023,254.1499939,257.6900024,253.3899994,256.2999878,21473200
08-03-2023,253.6999969,254.5399933,250.8099976,254.0399933,17340200
09-03-2023,252.3200073,259.5599976,251.5800018,255.8200073,26653400
10-03-2023,248.5899963,252.7899933,247.6000061,251.0800018,28333900
13-03-2023,253.9199982,257.9100037,245.7299957,247.3999939,33339700
14-03-2023,260.7900085,261.0700073,255.8600006,256.75,33620300
15-03-2023,265.4400024,266.480011,259.2099915,259.980011,46028000
16-03-2023,276.2000122,276.5599976,263.2799988,265.2099915,54768800
17-03-2023,279.4299927,283.3299866,276.3200073,278.2600098,69527400
20-03-2023,272.230011,277.480011,269.8500061,276.980011,43466600
21-03-2023,273.7799988,275,269.519989,274.8800049,34558700
22-03-2023,272.2900085,281.0400085,272.1799927,273.3999939,34873300
23-03-2023,277.6600037,281.0599976,275.2000122,277.9400024,36610900
24-03-2023,280.5700073,280.6300049,275.2799988,277.2399902,28172000
27-03-2023,276.3800049,281.4599915,275.519989,280.5,26840200
28-03-2023,275.230011,276.1400146,272.0499878,275.7900085,21878600
29-03-2023,280.5100098,281.1400146,278.4100037,278.9599915,25087000
30-03-2023,284.0499878,284.4599915,281.480011,284.230011,25053400
31-03-2023,288.2999878,289.269989,283,283.730011,32766000
03-04-2023,287.230011,288.269989,283.9500122,286.519989,24883300
04-04-2023,287.1799927,290.4500122,285.6700134,287.230011,25824300
05-04-2023,284.3399963,287.1499939,282.9200134,285.8500061,22064800
06-04-2023,291.6000061,292.0799866,282.0299988,283.2099915,29770300
10-04-2023,289.3900146,289.6000061,284.7099915,289.2099915,23103000
11-04-2023,282.8299866,285.980011,281.6400146,285.75,27276600
12-04-2023,283.4899902,287.0100098,281.9599915,284.7900085,27403400
13-04-2023,289.8399963,289.8999939,283.1700134,283.5899963,24222700
14-04-2023,286.1400146,288.480011,283.6900024,287,20987900
17-04-2023,288.7999878,291.6000061,286.1600037,289.9299927,23836200
18-04-2023,288.3699951,291.7600098,287.0100098,291.5700073,20161800
19-04-2023,288.4500122,289.0499878,284.5400085,285.9899902,17150300
20-04-2023,286.1099854,289.0299988,285.0799866,285.25,23244400
21-04-2023,285.7600098,286.269989,283.0599976,285.0100098,21676400
24-04-2023,281.769989,284.9500122,278.7200012,282.0899963,26611000
25-04-2023,275.4200134,281.6000061,275.3699951,279.5100098,45772200
26-04-2023,295.3699951,299.5700073,292.730011,296.7000122,64599200
27-04-2023,304.8299866,305.2000122,295.25,295.9700012,46462600
28-04-2023,307.2600098,308.9299927,303.3099976,304.0100098,36446700
01-05-2023,305.5599976,308.6000061,305.1499939,306.9700012,21294100
02-05-2023,305.4100037,309.1799927,303.9100037,307.7600098,26404400
03-05-2023,304.3999939,308.6099854,304.0899963,306.6199951,22360800
04-05-2023,305.4100037,307.7600098,303.3999939,306.2399902,22519900
05-05-2023,310.6499939,311.9700012,304.269989,305.7200012,28181200
08-05-2023,308.6499939,310.2000122,306.0899963,310.1300049,21318600
09-05-2023,307,310.0400085,306.3099976,308,21340800
10-05-2023,312.3099976,313,307.6700134,308.6199951,30078000
11-05-2023,310.1099854,311.1199951,306.2600098,310.1000061,31680200
12-05-2023,308.9700012,310.6499939,306.6000061,310.5499878,19758100
15-05-2023,309.4599915,309.8999939,307.5899963,309.1000061,16336500
16-05-2023,311.7399902,313.7099915,309.8299866,309.8299866,26730300
17-05-2023,314,314.4299927,310.7399902,312.2900085,24315000
18-05-2023,318.519989,319.0400085,313.7200012,314.5299988,27276000
19-05-2023,318.3399963,318.75,316.3699951,316.7399902,27529500
22-05-2023,321.1799927,322.5899963,318.0100098,318.6000061,24115700
23-05-2023,315.2600098,322.7200012,315.25,320.0299988,30797200
24-05-2023,313.8500061,316.5,312.6099854,314.730011,23384900
25-05-2023,325.9200134,326.8999939,320,323.2399902,43301700
26-05-2023,332.8900146,333.3999939,323.8800049,324.019989,36630600
30-05-2023,331.2099915,335.7399902,330.519989,335.230011,29503100
31-05-2023,328.3900146,335.9400024,327.3299866,332.2900085,45950600
01-06-2023,332.5799866,333.5299988,324.7200012,325.9299927,26773900
02-06-2023,335.3999939,337.5,332.5499878,334.25,25864000
05-06-2023,335.9400024,338.5599976,334.6600037,335.2200012,21307100
06-06-2023,333.6799927,335.3699951,332.1700134,335.3299866,20396200
07-06-2023,323.3800049,334.4899902,322.5,331.6499939,40717100
08-06-2023,325.2600098,326.6400146,323.3500061,323.9400024,23277700
09-06-2023,326.7900085,329.9899902,324.4100037,324.9899902,22514900
12-06-2023,331.8500061,332.1000061,325.1600037,328.5799866,24260300
13-06-2023,334.2900085,336.980011,330.3900146,334.4700012,22951300
14-06-2023,337.3399963,339.0400085,332.8099976,334.3399963,26003800
15-06-2023,348.1000061,349.8399963,337.2000122,337.480011,38899100
16-06-2023,342.3299866,351.4700012,341.9500122,351.3200073,46533600
20-06-2023,338.0499878,342.0799866,335.8599854,339.3099976,26375400
21-06-2023,333.5599976,337.730011,332.0700073,336.3699951,25117800
22-06-2023,339.7099915,340.1199951,333.3399963,334.1199951,23556800
23-06-2023,335.019989,337.9599915,333.4500122,334.3599854,23084700
26-06-2023,328.6000061,336.1099854,328.4899902,333.7200012,21520600
27-06-2023,334.5700073,336.1499939,329.2999878,331.8599854,24354100
28-06-2023,335.8500061,337.980011,333.8099976,334.6600037,20259500
29-06-2023,335.0499878,336.1099854,332.6199951,334.7099915,16997000
30-06-2023,340.5400085,342.730011,337.2000122,337.75,26823800
03-07-2023,337.9899902,340.8999939,336.5700073,339.1900024,12508700
05-07-2023,338.1499939,341.6499939,334.730011,335.0899963,18172400
06-07-2023,341.269989,342.9899902,335.5,337.2999878,28161200
07-07-2023,337.2200012,341.7900085,337,339.3200073,21185300
10-07-2023,331.8299866,335.230011,327.5899963,334.6000061,32791400
11-07-2023,332.4700012,332.8599854,327,331.0599976,26698200
12-07-2023,337.2000122,341.6499939,335.6700134,336.6000061,29995300
13-07-2023,342.6600037,343.7399902,339.019989,339.5599976,20567200
14-07-2023,345.2399902,351.4299927,344.3099976,347.5899963,28302200
17-07-2023,345.730011,346.9899902,342.2000122,345.6799927,20363900
18-07-2023,359.4899902,366.7799988,342.1700134,345.8299866,64872700
19-07-2023,355.0799866,362.4599915,352.4400024,361.75,39732900
20-07-2023,346.8699951,357.9700012,345.3699951,353.5700073,33778400
21-07-2023,343.769989,350.2999878,339.8299866,349.1499939,69368900
24-07-2023,345.1099854,346.9200134,342.3099976,345.8500061,26678100
25-07-2023,350.980011,351.8900146,345.0700073,347.1099854,41637700
26-07-2023,337.769989,344.6700134,333.1099854,341.4400024,58383700
27-07-2023,330.7200012,341.3299866,329.0499878,340.480011,39635300
28-07-2023,338.3699951,340.0100098,333.1700134,333.6700134,28484900
31-07-2023,335.9200134,337.7000122,333.3599854,336.9200134,25446000
01-08-2023,336.3399963,338.5400085,333.7000122,335.1900024,18311900
02-08-2023,327.5,333.6300049,326.3599854,333.6300049,27761300
03-08-2023,326.6600037,329.8800049,325.9500122,326,18253700
04-08-2023,327.7799988,335.1400146,327.2399902,331.8800049,23727700
07-08-2023,330.1099854,331.1099854,327.519989,328.3699951,17741500
08-08-2023,326.0499878,328.75,323,326.9599915,22327600
09-08-2023,322.230011,327.1099854,321.0499878,326.4700012,22373300
10-08-2023,322.9299927,328.2600098,321.1799927,326.019989,20113700
11-08-2023,321.0100098,322.4100037,319.2099915,320.2600098,24342600
14-08-2023,324.0400085,324.0599976,320.0799866,321.3900146,18836100
15-08-2023,321.8599854,325.0899963,320.8999939,323,16966300
16-08-2023,320.3999939,324.4200134,319.7999878,320.7999878,20698900
17-08-2023,316.8800049,321.8699951,316.2099915,320.5400085,21257200
18-08-2023,316.480011,318.3800049,311.5499878,314.4899902,24744800
21-08-2023,321.8800049,322.769989,317.0400085,317.9299927,24040000
22-08-2023,322.4599915,326.0799866,321.4599915,325.5,16102000
23-08-2023,327,329.2000122,323.4599915,323.8200073,21166400
24-08-2023,319.9700012,332.980011,319.9599915,332.8500061,23281400
25-08-2023,322.980011,325.3599854,318.7999878,321.4700012,21684100
28-08-2023,323.7000122,326.1499939,321.7200012,325.6600037,14808500
29-08-2023,328.4100037,328.980011,321.8800049,321.8800049,19284600
30-08-2023,328.7900085,329.8099976,326.4500122,328.6700134,15222100
31-08-2023,327.7600098,330.9100037,326.7799988,329.2000122,26411000
01-09-2023,328.6600037,331.9899902,326.7799988,331.3099976,14931200
05-09-2023,333.5499878,334.8500061,328.6600037,329,18553900
06-09-2023,332.8800049,334.4599915,330.1799927,333.3800049,17535800
07-09-2023,329.9100037,333.0799866,329.0299988,331.2900085,18381000
08-09-2023,334.269989,336.1600037,329.4599915,330.0899963,19530100
11-09-2023,337.9400024,338.4200134,335.4299927,337.2399902,16583300
12-09-2023,331.769989,336.7900085,331.480011,335.8200073,17565500
13-09-2023,336.0599976,336.8500061,331.1700134,331.3099976,16544400
14-09-2023,338.7000122,340.8599854,336.5700073,339.1499939,20267000
15-09-2023,330.2200012,337.3999939,329.6499939,336.9200134,37666900
18-09-2023,329.0599976,330.3999939,326.3599854,327.7999878,16834200
19-09-2023,328.6499939,329.3900146,324.5100098,326.1700134,16505900
20-09-2023,320.769989,329.5899963,320.5100098,329.5100098,21436500
21-09-2023,319.5299988,325.3500061,315,319.2600098,35529500
22-09-2023,317.0100098,321.4500122,316.1499939,321.3200073,21447900
25-09-2023,317.5400085,317.6700134,315,316.5899963,17836000
26-09-2023,312.1400146,315.8800049,310.019989,315.1300049,26297600
27-09-2023,312.7900085,314.2999878,309.6900024,312.2999878,19410100
28-09-2023,313.6400146,315.480011,309.4500122,310.9899902,19683600
29-09-2023,315.75,319.4700012,314.980011,317.75,24140300
02-10-2023,321.7999878,321.8900146,315.1799927,316.2799988,20570000
03-10-2023,313.3900146,321.3900146,311.2099915,320.8299866,21033500
04-10-2023,318.9599915,320.0400085,314,314.0299988,20720100
05-10-2023,319.3599854,319.980011,314.8999939,319.0899963,16965600
06-10-2023,327.2600098,329.1900024,316.2999878,316.5499878,25645500
09-10-2023,329.8200073,330.2999878,323.1799927,324.75,19891200
10-10-2023,328.3900146,331.1000061,327.6700134,330.9599915,20557100
11-10-2023,332.4200134,332.8200073,329.1400146,331.2099915,20063200
12-10-2023,331.1600037,333.6300049,328.7200012,330.5700073,19313100
13-10-2023,327.730011,333.8299866,326.3599854,332.3800049,21072400
16-10-2023,332.6400146,336.1400146,330.6000061,331.0499878,22158000
17-10-2023,332.0599976,333.4599915,327.4100037,329.5899963,18338500
18-10-2023,330.1099854,335.5899963,328.2999878,332.4899902,23153600
19-10-2023,331.3200073,336.8800049,330.9100037,332.1499939,25052100
20-10-2023,326.6700134,331.9200134,325.4500122,331.7200012,25012600
23-10-2023,329.3200073,332.730011,324.3900146,325.4700012,24374700
24-10-2023,330.5299988,331.8399963,327.6000061,331.2999878,31153600
25-10-2023,340.6700134,346.2000122,337.6199951,345.019989,55053800
26-10-2023,327.8900146,341.6300049,326.9400024,340.5400085,37828500
27-10-2023,329.8099976,336.7200012,328.3999939,330.4299927,29856500
30-10-2023,337.3099976,339.4500122,331.8299866,333.4100037,22828100
31-10-2023,338.1099854,339,334.6900024,338.8500061,20265300
01-11-2023,346.0700073,347.4200134,339.6499939,339.7900085,28158800
02-11-2023,348.3200073,348.8299866,344.769989,347.2399902,24348100
03-11-2023,352.7999878,354.3900146,347.3299866,349.6300049,23624000
06-11-2023,356.5299988,357.5400085,353.3500061,353.4500122,23828300
07-11-2023,360.5299988,362.4599915,357.6300049,359.3999939,25833900
08-11-2023,363.2000122,363.8699951,360.5499878,361.6799927,26767800
09-11-2023,360.6900024,364.7900085,360.3599854,362.2999878,24847300
10-11-2023,369.6700134,370.1000061,361.0700073,361.4899902,28042100
13-11-2023,366.6799927,368.4700012,365.8999939,368.2200012,19986500
14-11-2023,370.269989,371.9500122,367.3500061,371.0100098,27683900
15-11-2023,369.6700134,373.1300049,367.1099854,371.2799988,26860100
16-11-2023,376.1700134,376.3500061,370.1799927,370.9599915,27182300
17-11-2023,369.8500061,374.3699951,367,373.6099854,40157000
20-11-2023,377.4400024,378.8699951,371,371.2200012,52465100
21-11-2023,373.0700073,376.2200012,371.1199951,375.6700134,28423100
22-11-2023,377.8500061,379.7900085,374.9700012,378,23345300
24-11-2023,377.4299927,377.9700012,375.1400146,377.3299866,10176600
27-11-2023,378.6099854,380.6400146,376.2000122,376.7799988,22179200
28-11-2023,382.7000122,383,378.1600037,378.3500061,20453100
29-11-2023,378.8500061,384.2999878,377.4400024,383.7600098,28963400
30-11-2023,378.9100037,380.0899963,375.4700012,378.4899902,30554400
01-12-2023,374.5100098,378.1600037,371.3099976,376.7600098,33020400
04-12-2023,369.1400146,369.519989,362.8999939,369.1000061,32063300
05-12-2023,372.519989,373.0799866,365.6199951,366.4500122,23065000
06-12-2023,368.7999878,374.1799927,368.0299988,373.5400085,21182100
07-12-2023,370.9500122,371.4500122,366.3200073,368.230011,23118900
08-12-2023,374.230011,374.4599915,368.230011,369.2000122,20144800
11-12-2023,371.2999878,371.6000061,366.1000061,368.480011,27708800
12-12-2023,374.3800049,374.4200134,370.4599915,370.8500061,24838300
13-12-2023,374.3699951,377.6400146,370.769989,376.019989,30955500
14-12-2023,365.9299927,373.7600098,364.1300049,373.3099976,43277500
15-12-2023,370.730011,372.3999939,366.2799988,366.8500061,78478200
18-12-2023,372.6499939,373,368.6799927,369.4500122,21802900
19-12-2023,373.2600098,373.2600098,369.8399963,371.4899902,20603700
20-12-2023,370.6199951,376.0299988,370.5299988,375,26316700
21-12-2023,373.5400085,374.4100037,370.0400085,372.5599976,17708000
22-12-2023,374.5799866,375.1799927,372.7099915,373.6799927,17091100
26-12-2023,374.6600037,376.9400024,373.5,375,12673100
27-12-2023,374.0700073,375.0599976,372.8099976,373.6900024,14905400
28-12-2023,375.2799988,376.4599915,374.1600037,375.3699951,14327000
29-12-2023,376.0400085,377.1600037,373.480011,376,18723000
